program name	original1	original2	original3	original4	refactored1	refactored2	refactored3	refactored4
kevin-sum-01	0.139660547953099,5.807005800306797e-05,1.1757947504520416e-05,8.65710899233818e-06,8.119968697428703e-06,8.141156286001205e-06,8.016824722290039e-06,7.879920303821564e-06,7.703900337219238e-06,7.909955456852913e-06	9.822100400924683e-05,7.899291813373566e-05,7.617496885359287e-05,7.522711530327797e-05,7.505319081246853e-05,7.592211477458477e-05,7.650209590792656e-05,7.572607137262821e-05,7.60830007493496e-05,7.517402991652489e-05	0.007241062819957733,0.0068021349143236876,0.007188824936747551,0.007090023020282388,0.007295200834050775,0.0076120030134916306,0.00786616699770093,0.007540257880464196,0.007812177995219827,0.00711420108564198	0.7153949111234397,0.6810808549635112,0.6882940100040287,0.6711030171718448,0.6708402028307319,0.7551842669490725,0.7653476428240538,0.7538402560167015,0.7796379360370338,0.7783966260030866	8.487491868436337e-05,1.7191050574183464e-05,1.229788176715374e-05,1.1509982869029045e-05,1.102592796087265e-05,1.1473894119262695e-05,1.1214055120944977e-05,1.1177966371178627e-05,1.0983087122440338e-05,1.0971911251544952e-05	4.4693006202578545e-05,2.8098002076148987e-05,2.5253044441342354e-05,2.5094952434301376e-05,2.4001114070415497e-05,2.4583889171481133e-05,2.3928005248308182e-05,2.4660024791955948e-05,2.3709842935204506e-05,2.3959903046488762e-05	0.0012537690345197916,0.001214365940541029,0.0012304550036787987,0.0012467391788959503,0.0012570959515869617,0.0012297260109335184,0.0012350939214229584,0.0012229250278323889,0.0012189389672130346,0.001218617195263505	0.13649554178118706,0.13592482288368046,0.1349629641044885,0.13882220606319606,0.13544165715575218,0.1382909999229014,0.14050792809575796,0.13616460794582963,0.1403102451004088,0.14199659787118435
